,aoi,minx,miny,maxx,maxy,startdate,enddate,pass,scene,tile,lake,,
0,amerada,-91.3722,29.4096,-91.3078,29.4656,20230101,20261231,"['509', '550']","['206L', '103L']","['103F', '052F']",,,
1,sf,34,25,35,26,20230101,20261231,"['012', '012', '012', '249', '249', '249']","['109L', '110L', '111L', '198R', '199R', '200R']","['055F', '055F', '056F', '099F', '100F', '100F']",,,
2,soldado,-77.26,3.71,-77.08,3.81,20230101,20261231,"['007', '438']","['161L', '148L']","['081F', '074F']",,,
3,guayas,-81.4,-4.6,-79.4,-1.55,20230101,20261231,,,,,,
4,stlawrence,-71.6,46.6,-67,49.6,20230101,20261231,"['007', '007', '007', '007', '007', '007', '007', '007', '007', '035', '035', '035', '035', '035', '063', '063', '063', '063', '063', '063', '063', '063', '214', '214', '214', '214', '214', '214', '214', '242', '242', '242', '242', '242', '270', '270', '270', '285', '285', '313', '313', '313', '313', '313', '313', '341', '341', '341', '341', '341', '341', '341', '369', '492', '492', '492', '492', '492', '492', '492', '520', '520', '520', '520', '520', '548', '548', '548', '548', '548', '548', '548', '548', '548', '009', '009', '009', '009', '009']","['236L', '237L', '237R', '238R', '239L', '239R', '240L', '241L', '242L', '236L', '237L', '237R', '242L', '242R', '237R', '238R', '239R', '240L', '240R', '241L', '242L', '242R', '067L', '067R', '069L', '070L', '071L', '072L', '072R', '067L', '067R', '072L', '072R', '073L', '071L', '072L', '073L', '236L', '237L', '236L', '237L', '237R', '241R', '242L', '242R', '236L', '237L', '237R', '238L', '239L', '242L', '242R', '242R', '067L', '067R', '068L', '068R', '069R', '070R', '071R', '067L', '067R', '072L', '072R', '073L', '067L', '068L', '069L', '069R', '070R', '071R', '072L', '072R', '073L', '236L', '237L', '237R', '242L', '242R']","['118F', '119F', '119F', '119F', '120F', '120F', '120F', '121F', '121F', '118F', '119F', '119F', '121F', '121F', '119F', '119F', '120F', '120F', '120F', '121F', '121F', '121F', '034F', '034F', '035F', '035F', '036F', '036F', '036F', '034F', '034F', '036F', '036F', '037F', '036F', '036F', '037F', '118F', '119F', '118F', '119F', '119F', '121F', '121F', '121F', '118F', '119F', '119F', '119F', '120F', '121F', '121F', '121F', '034F', '034F', '034F', '034F', '035F', '035F', '036F', '034F', '034F', '036F', '036F', '037F', '034F', '034F', '035F', '035F', '035F', '036F', '036F', '036F', '037F', '118F', '119F', '119F', '121F', '121F']",,,
5,komo,9,-0.2,10,1,20230101,20261231,"['042', '042', '042', '042', '042', '042', '195', '195', '320', '473', '473', '473', '016', '016', '016', '016', '016', '016']","['153L', '153R', '154L', '154R', '155L', '155R', '154R', '156R', '153R', '154L', '155L', '156L', '153L', '153R', '154L', '154R', '155L', '155R']","['077F', '077F', '077F', '077F', '078F', '078F', '077F', '078F', '077F', '077F', '078F', '078F', '077F', '077F', '077F', '077F', '078F', '078F']",,,
6,ogooue,8.7,-1.2,10.4,-0.59,20230101,20261231,"['042', '042', '042', '042', '042', '195', '195', '195', '195', '320', '320', '348', '348', '473', '473', '473', '473', '473', '016', '016', '016', '016', '016']","['155R', '156L', '156R', '157L', '157R', '152R', '153L', '153R', '154R', '155R', '156R', '156L', '157L', '152L', '152R', '153L', '153R', '154R', '155R', '156L', '156R', '157L', '157R']","['078F', '078F', '078F', '079F', '079F', '076F', '077F', '077F', '077F', '078F', '078F', '078F', '079F', '076F', '076F', '077F', '077F', '077F', '078F', '078F', '078F', '079F', '079F']",,,
7,louisiana,-93.83,29.04,-89.13,30.41,20230101,20261231,"['203', '203', '203', '203', '203', '203', '231', '231', '231', '231', '231', '244', '244', '244', '244', '244', '272', '272', '272', '272', '272', '481', '481', '481', '509', '509', '509', '509', '509', '522', '522', '522', '522', '522', '522', '537', '537', '537', '550', '550', '550', '550', '550', '578', '578', '578']","['205L', '205R', '206R', '207R', '208L', '208R', '205L', '205R', '206R', '208L', '208R', '101L', '101R', '103R', '104L', '104R', '101L', '101R', '103R', '104L', '104R', '205L', '206L', '207L', '205L', '205R', '206R', '208L', '208R', '101L', '101R', '102L', '103L', '103R', '104R', '207L', '208L', '208R', '101L', '101R', '103R', '104L', '104R', '101L', '102L', '103L']","['103F', '103F', '103F', '104F', '104F', '104F', '103F', '103F', '103F', '104F', '104F', '051F', '051F', '052F', '052F', '052F', '051F', '051F', '052F', '052F', '052F', '103F', '103F', '104F', '103F', '103F', '103F', '104F', '104F', '051F', '051F', '051F', '052F', '052F', '052F', '104F', '104F', '104F', '051F', '051F', '052F', '052F', '052F', '051F', '051F', '052F']",,,
8,buenaventura,-77.545,3.5272,-77.0033177,3.951759069,20230101,20261231,"['007', '438', '438']","['161L', '148L', '148R']","['081F', '074F', '074F']",,,
9,amite,-91.4,29.2,-89.6,31.6,20260101,20261231,"['203', '203', '203', '203', '203', '203', '203', '203', '203', '231', '231', '231', '244', '244', '244', '244', '244', '244', '244', '244', '244', '244', '244', '509', '509', '509', '509', '509', '509', '509', '509', '509', '509', '522', '522', '522', '522', '522', '522', '522', '550', '550', '550', '550', '550']","['205L', '206L', '206R', '207L', '207R', '208L', '208R', '209L', '210L', '208R', '209R', '210R', '099L', '099R', '100L', '100R', '101L', '101R', '102L', '102R', '103L', '103R', '104L', '206L', '206R', '207L', '207R', '208L', '208R', '209L', '209R', '210L', '210R', '099L', '099R', '100L', '100R', '101R', '102R', '103R', '100L', '101L', '102L', '103L', '104L']","['103F', '103F', '103F', '104F', '104F', '104F', '104F', '105F', '105F', '104F', '105F', '105F', '050F', '050F', '050F', '050F', '051F', '051F', '051F', '051F', '052F', '052F', '052F', '103F', '103F', '104F', '104F', '104F', '104F', '105F', '105F', '105F', '105F', '050F', '050F', '050F', '050F', '051F', '051F', '052F', '050F', '051F', '051F', '052F', '052F']",,,PONTCHARTRAIN;LAKE PONTCHARTRAIN;LAKE MAUREPAS;BAYOU LACOMBE
10,costarica,-85.6,9.2,-84,10.3,20230101,20261231,"['091', '091', '091', '119', '119', '216', '216', '216', '216', '216', '397', '397', '397', '522']","['170L', '171L', '172L', '172R', '173R', '136R', '137L', '137R', '138L', '138R', '172L', '172R', '173R', '137L']","['085F', '086F', '086F', '086F', '087F', '068F', '069F', '069F', '069F', '069F', '086F', '086F', '087F', '069F']",,,